{"gemini-2.0-flash-lite_OPRO": [{"best_score": 332.94112632279064, "best_solution": [5, 3, 0, 8, 4, 1, 6, 9, 7, 2], "best_score_history": [419.41428755552556, 403.1724704627744, 381.6591372044161, 356.35716577742323, 332.94112632279064, 332.94112632279064]}, {"best_score": 419.41428755552556, "best_solution": null, "best_score_history": [419.41428755552556, 419.41428755552556, 419.41428755552556, 419.41428755552556, 419.41428755552556, 419.41428755552556]}], "gemini-2.0-flash-lite_HLMEA": [{"best_score": 418.74405155217823, "best_solution": [5, 3, 8, 0, 1, 4, 9, 7, 2, 6], "best_score_history": [419.41428755552556, 418.74405155217823, 418.74405155217823, 418.74405155217823, 418.74405155217823, 418.74405155217823]}, {"best_score": 419.41428755552556, "best_solution": null, "best_score_history": [419.41428755552556, 419.41428755552556, 419.41428755552556, 419.41428755552556, 419.41428755552556, 419.41428755552556]}], "gemini-2.0-flash-lite_HLMSA": [{"best_score": 419.41428755552556, "best_solution": null, "best_score_history": [419.41428755552556, 419.41428755552556, 419.41428755552556, 419.41428755552556, 419.41428755552556, 419.41428755552556]}, {"best_score": 381.6499376718642, "best_solution": [5, 3, 0, 4, 6, 2, 7, 9, 8, 1], "best_score_history": [419.41428755552556, 419.41428755552556, 419.41428755552556, 419.41428755552556, 419.41428755552556, 381.6499376718642]}]}