{"gemini-2.0-flash_HLMEA": [{"best_score": 346.97697327113656, "best_solution": [4, 1, 6, 0, 5, 3, 8, 2, 7, 9], "best_score_history": [419.41428755552556, 419.41428755552556, 419.41428755552556, 419.41428755552556, 419.41428755552556, 413.1108774825537, 413.1108774825537, 381.6591372044161, 381.6591372044161, 381.6591372044161, 381.6591372044161, 356.35716577742323, 356.35716577742323, 356.35716577742323, 356.35716577742323, 355.27848861469283, 355.27848861469283, 355.27848861469283, 355.27848861469283, 355.27848861469283, 355.27848861469283, 355.27848861469283, 355.27848861469283, 355.27848861469283, 355.27848861469283, 355.27848861469283, 355.1559542979055, 355.1559542979055, 346.97697327113656, 346.97697327113656, 346.97697327113656, 346.97697327113656, 346.97697327113656, 346.97697327113656, 346.97697327113656, 346.97697327113656, 346.97697327113656, 346.97697327113656, 346.97697327113656, 346.97697327113656, 346.97697327113656, 346.97697327113656, 346.97697327113656, 346.97697327113656, 346.97697327113656, 346.97697327113656, 346.97697327113656, 346.97697327113656, 346.97697327113656, 346.97697327113656, 346.97697327113656, 346.97697327113656, 346.97697327113656, 346.97697327113656, 346.97697327113656, 346.97697327113656, 346.97697327113656, 346.97697327113656, 346.97697327113656, 346.97697327113656, 346.97697327113656, 346.97697327113656, 346.97697327113656, 346.97697327113656, 346.97697327113656, 346.97697327113656, 346.97697327113656, 346.97697327113656, 346.97697327113656, 346.97697327113656, 346.97697327113656, 346.97697327113656, 346.97697327113656, 346.97697327113656, 346.97697327113656, 346.97697327113656, 346.97697327113656, 346.97697327113656, 346.97697327113656]}, {"best_score": 290.2229391972927, "best_solution": [3, 5, 0, 4, 1, 6, 9, 7, 2, 8], "best_score_history": [419.41428755552556, 419.41428755552556, 419.41428755552556, 419.41428755552556, 419.41428755552556, 419.41428755552556, 419.41428755552556, 419.41428755552556, 419.41428755552556, 419.41428755552556, 419.41428755552556, 419.41428755552556, 419.41428755552556, 419.41428755552556, 419.41428755552556, 419.41428755552556, 419.41428755552556, 419.41428755552556, 419.41428755552556, 419.41428755552556, 419.41428755552556, 419.41428755552556, 414.0849299862476, 414.0849299862476, 414.0849299862476, 414.0849299862476, 414.0849299862476, 414.0849299862476, 414.0849299862476, 414.0849299862476, 414.0849299862476, 414.0849299862476, 414.0849299862476, 414.0849299862476, 414.0849299862476, 414.0849299862476, 414.0849299862476, 414.0849299862476, 414.0849299862476, 414.0849299862476, 414.0849299862476, 414.0849299862476, 414.0849299862476, 414.0849299862476, 414.0849299862476, 414.0849299862476, 414.0849299862476, 414.0849299862476, 414.0849299862476, 397.5853225481509, 397.5853225481509, 392.7726747908374, 392.7726747908374, 392.7726747908374, 379.5885127920933, 379.5885127920933, 379.5885127920933, 379.5885127920933, 379.5885127920933, 379.5885127920933, 379.5885127920933, 379.5885127920933, 370.14210905596246, 365.80699545211576, 365.80699545211576, 365.80699545211576, 365.80699545211576, 365.80699545211576, 365.80699545211576, 365.80699545211576, 365.80699545211576, 365.80699545211576, 365.80699545211576, 365.80699545211576, 365.80699545211576, 365.80699545211576, 365.80699545211576, 365.80699545211576, 365.80699545211576, 365.80699545211576, 365.80699545211576, 365.80699545211576, 365.80699545211576, 365.80699545211576, 365.80699545211576, 365.80699545211576, 365.80699545211576, 365.80699545211576, 365.80699545211576, 365.80699545211576, 365.80699545211576, 365.80699545211576, 365.80699545211576, 365.80699545211576, 365.80699545211576, 365.80699545211576, 365.80699545211576, 365.80699545211576, 365.80699545211576, 365.2668935535335, 365.2668935535335, 365.2668935535335, 356.60582273343397, 356.60582273343397, 356.60582273343397, 356.60582273343397, 356.60582273343397, 356.60582273343397, 356.60582273343397, 356.60582273343397, 356.60582273343397, 356.60582273343397, 356.60582273343397, 356.60582273343397, 356.60582273343397, 356.60582273343397, 337.2587933482707, 337.2587933482707, 337.2587933482707, 337.2587933482707, 337.1362590314833, 298.52445454084904, 298.52445454084904, 298.52445454084904, 298.52445454084904, 298.52445454084904, 298.52445454084904, 298.52445454084904, 290.34547351408014, 290.34547351408014, 290.34547351408014, 290.34547351408014, 290.34547351408014, 290.34547351408014, 290.2229391972927]}, {"best_score": 314.9590828452839, "best_solution": [7, 2, 3, 5, 0, 4, 1, 6, 9, 8], "best_score_history": [419.41428755552556, 419.41428755552556, 419.41428755552556, 419.41428755552556, 419.41428755552556, 419.41428755552556, 419.41428755552556, 419.41428755552556, 419.41428755552556, 419.41428755552556, 419.41428755552556, 419.41428755552556, 419.41428755552556, 419.41428755552556, 419.41428755552556, 419.41428755552556, 419.41428755552556, 365.87804004025196, 365.87804004025196, 365.87804004025196, 365.87804004025196, 365.87804004025196, 365.87804004025196, 365.87804004025196, 354.04586611759953, 354.04586611759953, 349.5376282786293, 349.5376282786293, 349.5376282786293, 349.5376282786293, 349.5376282786293, 349.5376282786293, 349.5376282786293, 349.5376282786293, 349.5376282786293, 349.5376282786293, 349.5376282786293, 349.5376282786293, 334.2830195588504, 334.2830195588504, 334.2830195588504, 334.2830195588504, 334.2830195588504, 334.2830195588504, 334.2830195588504, 334.2830195588504, 334.2830195588504, 334.2830195588504, 334.2830195588504, 334.2830195588504, 334.2830195588504, 334.2830195588504, 334.2830195588504, 334.2830195588504, 334.2830195588504, 334.2830195588504, 334.2830195588504, 334.2830195588504, 334.2830195588504, 334.2830195588504, 334.2830195588504, 334.2830195588504, 334.2830195588504, 334.2830195588504, 334.2830195588504, 334.2830195588504, 334.2830195588504, 334.2830195588504, 334.2830195588504, 334.2830195588504, 334.2830195588504, 334.2830195588504, 334.2830195588504, 334.2830195588504, 334.2830195588504, 334.2830195588504, 334.2830195588504, 334.2830195588504, 334.2830195588504, 334.2830195588504, 334.2830195588504, 334.2830195588504, 334.2830195588504, 334.2830195588504, 334.2830195588504, 334.2830195588504, 334.2830195588504, 334.2830195588504, 315.01905810719836, 315.01905810719836, 315.01905810719836, 315.01905810719836, 315.01905810719836, 315.01905810719836, 315.01905810719836, 315.01905810719836, 315.01905810719836, 315.01905810719836, 315.01905810719836, 315.01905810719836, 315.01905810719836, 315.01905810719836, 315.01905810719836, 315.01905810719836, 315.01905810719836, 315.01905810719836, 315.01905810719836, 315.01905810719836, 315.01905810719836, 315.01905810719836, 315.01905810719836, 315.01905810719836, 315.01905810719836, 315.01905810719836, 315.01905810719836, 315.01905810719836, 315.01905810719836, 315.01905810719836, 315.01905810719836, 315.01905810719836, 315.01905810719836, 315.01905810719836, 314.9590828452839, 314.9590828452839, 314.9590828452839, 314.9590828452839, 314.9590828452839, 314.9590828452839, 314.9590828452839, 314.9590828452839, 314.9590828452839, 314.9590828452839, 314.9590828452839, 314.9590828452839, 314.9590828452839, 314.9590828452839, 314.9590828452839, 314.9590828452839, 314.9590828452839]}, {"best_score": 290.22293919729276, "best_solution": [1, 4, 0, 5, 3, 8, 2, 7, 9, 6],